UNIQ_ID,FCODE_TYPE,SETL_CODE,SETL_NAME,NAME,LATIN_NAME,USG_GROUP,USG_CODE,E_ORD,N_ORD,DATA_YEAR,PRDCT_VER,X,Y
54449609,252,1031,שדרות,מכון למורים צעירים תלמוד תורה,,13,5370,162260.42592700000,604335.75269400002,0,,162260.42592700000,604335.75269400002
54450170,252,1268,מיתר,קונסרבטוריון - עירוני,,13,5370,194184.54262699999,581519.45929399994,0,,194184.54262699999,581519.45929399994
54451904,252,9000,באר שבע,"מכללת - עמל ע""ש ליידי דיוויס",,13,5370,180157.68862700000,573476.62919400004,0,,180157.68862700000,573476.62919400004
54448083,252,9000,באר שבע,מכללת - רדיו דרום,,13,5370,181442.46812700000,574184.88079400000,0,,181442.46812700000,574184.88079400000
54448762,252,9000,באר שבע,מרכז הברכה סמינר מורים,"""Merkaz HaBrakha"" Teachers Seminary",13,5370,180890.21532700001,573747.09129400004,0,,180890.21532700001,573747.09129400004
54447461,252,9000,באר שבע,מכללת - קיי,,13,5370,179098.30802699999,575530.26019399997,2014,2015-07,179098.30802699999,575530.26019399997
54449176,252,9000,באר שבע,"המכללה - האקדמית להנדסה ע""ש סמי שמעון",,13,5370,179871.65242699999,573201.66269400006,2014,2015-07,179871.65242699999,573201.66269400006
54452624,252,9000,באר שבע,"המכללה - הטכנולוגית ב""ש",,13,5370,180155.70992699999,573301.26119400002,2014,2015-07,180155.70992699999,573301.26119400002
54447531,252,3000,ירושלים,היברו יוניון קולג' מכון ללימודי יהדות,,13,5370,221236.60512699999,631468.42079400003,0,,221236.60512699999,631468.42079400003
54451071,252,3000,ירושלים,מכללת - הדסה,,13,5370,221038.52522700001,632277.74869399995,0,,221038.52522700001,632277.74869399995
54450910,252,2530,באר יעקב,"סמינר באר יעקוב ע""ש שמואל ופני וולפסון",,13,5370,184613.24632700000,649457.77069399995,0,,184613.24632700000,649457.77069399995
54447589,252,8400,רחובות,מכללת - אורט רחובות,,13,5370,182055.72172700000,643377.76039399998,0,,182055.72172700000,643377.76039399998
54449303,252,3000,ירושלים,"בי""ס לעובדי הוראה בכירים",,13,5370,219327.07252700001,629572.76179400005,0,,219327.07252700001,629572.76179400005
54451373,252,6100,בני ברק,סמינר בית יעקב,Bet Ya'akov,13,5370,184247.68702700001,665264.73739400005,0,,184247.68702700001,665264.73739400005
54450747,252,7900,פתח תקווה,סמינר למורות בית יעקב,,13,5370,188726.50542700000,666263.43499400001,0,,188726.50542700000,666263.43499400001
54451852,252,9700,הוד השרון,מכללה - עמל 1,,13,5370,190566.53462699999,670951.53389399999,0,,190566.53462699999,670951.53389399999
54452356,252,5000,תל אביב -יפו,סמינר הקיבוצים,Kibbutzim College of Education,13,5370,180484.38022699999,667553.80049399997,0,,180484.38022699999,667553.80049399997
54451800,252,5000,תל אביב -יפו,מכללת - עתיד,,13,5370,179746.61092700000,662584.92209400004,0,,179746.61092700000,662584.92209400004
54447806,252,6200,בת ים,מכללת - בת ים האוניברסיטה הפתוחה,,13,5370,177351.33652700001,658834.91969400004,0,,177351.33652700001,658834.91969400004
54451744,252,3000,ירושלים,מכללת - אמונה,,13,5370,220882.23502699999,629100.03439399996,0,,220882.23502699999,629100.03439399996
54449177,252,5000,תל אביב -יפו,מכללה - אקדמית תל אביב יפו,,13,5370,177592.92102700000,661713.19459400000,0,,177592.92102700000,661713.19459400000
65106851,252,424,גבים,מכללה - ספיר,,13,5370,161540.48712700000,602057.83699400001,2014,2015-07,161540.48712700000,602057.83699400001
54446758,252,7900,פתח תקווה,"מכללה - טכנולוגית אמי""ת",,13,5370,190971.01602700001,667024.96209399996,0,,190971.01602700001,667024.96209399996
54450723,252,7900,פתח תקווה,"בי""ס אקדמאי לסיעוד",Academic  School for Nursing,13,5370,187425.83362700001,666138.71429399995,0,,187425.83362700001,666138.71429399995
54448750,252,8400,רחובות,סמינר חסידי קרעטשניף,,13,5370,183746.05342700001,644633.31239400001,0,,183746.05342700001,644633.31239400001
54446447,252,8300,ראשון לציון,המכללה - למנהל,,13,5370,178571.97082700001,653094.72969399998,0,,178571.97082700001,653094.72969399998
54452344,252,9000,באר שבע,המכללה - הטכנולוגית חיל האוויר,,13,5370,176638.14302700001,573674.41449400003,2014,2015-07,176638.14302700001,573674.41449400003
54450866,252,8300,ראשון לציון,מכללת - עמל,,13,5370,180613.85592700000,653134.43539400003,0,,180613.85592700000,653134.43539400003
54446724,252,6600,חולון,המכון האקדמי טכנולוגי חולון,Holon Institute of Technology,13,5370,178755.89142700000,657982.67179399997,0,,178755.89142700000,657982.67179399997
54447720,252,5000,תל אביב -יפו,"המכללה - למנהל קמפוס ת""א",,13,5370,180865.58022700000,671179.28259399999,0,,180865.58022700000,671179.28259399999
54451837,252,8400,רחובות,מכון טכנולוגי ויצו,WIZO Technological  Institute,13,5370,181813.57232700000,643796.77409399999,2014,2015-07,181813.57232700000,643796.77409399999
60590831,252,3000,ירושלים,מכללת - שעלבים,,13,5370,217256.02952700001,628852.38989400002,2014,2015-07,217256.02952700001,628852.38989400002
54446199,252,8600,רמת גן,הסמינר הקיבוצי רמת אפעל,,13,5370,184797.93812700000,661803.79469400004,0,,184797.93812700000,661803.79469400004
54448909,252,1034,קריית מלאכי,מעיין החינוך התורני גן הדסה,,13,5370,175647.77472700001,626888.91299400001,2014,2015-07,175647.77472700001,626888.91299400001
54446489,252,7900,פתח תקווה,מכללה - מכללת פתח תקווה,Petah Tikva College,13,5370,188066.08292700001,667462.11929399997,2014,2015-07,188066.08292700001,667462.11929399997
54447026,252,3000,ירושלים,המכללה - האקדמית להנדסה ירושלים,,13,5370,218436.34442700000,630679.43229400006,2014,2015-07,218436.34442700000,630679.43229400006
54447404,252,3000,ירושלים,מכון גרוס ישיבה אוניברסיטאית,,13,5370,218238.76412700000,630131.82299400005,2014,2015-07,218238.76412700000,630131.82299400005
54452727,252,3000,ירושלים,"המכללה - למנהל ע""ש פולנסקי",,13,5370,216573.07332699999,629132.23949399998,2014,2015-07,216573.07332699999,629132.23949399998
54451279,252,8600,רמת גן,מכללת - רמת גן,,13,5370,184270.60892699999,663463.99039399996,2014,2015-07,184270.60892699999,663463.99039399996
54447114,252,7900,פתח תקווה,"בי""ס לגננות ושתלנות",Gardening and School,13,5370,190075.74242699999,665645.65559400001,2014,2015-07,190075.74242699999,665645.65559400001
54449881,252,3000,ירושלים,מכון בית יעקב למורות,,13,5370,220058.94542700000,633407.46669399994,0,,220058.94542700000,633407.46669399994
54452920,252,3000,ירושלים,מעיינות מוסד ללימודי יהדות,,13,5370,220232.86542700001,629934.48999399994,0,,220232.86542700001,629934.48999399994
54451757,252,3000,ירושלים,"בי""ס לאומנויות בצלאל",,13,5370,220377.55122699999,631939.30039400002,0,,220377.55122699999,631939.30039400002
54446512,252,7400,נתניה,המכללה - הטכנולוגית אורט,,13,5370,187432.41092699999,688734.11369400006,2014,2015-07,187432.41092699999,688734.11369400006
60590636,252,344,מענית,מכללה - גבעת חביבה,,13,5370,202277.27672699999,707129.70749399997,2014,2015-07,202277.27672699999,707129.70749399997
54450500,252,1061,נצרת עילית,מכללת - נצרת עילית,,13,5370,229745.41942699999,733940.11849400005,0,,229745.41942699999,733940.11849400005
54447470,252,7300,נצרת,מכללה - לאחיות הסלוואטוריות,,13,5370,227047.76752699999,733735.89689400000,2014,2015-07,227047.76752699999,733735.89689400000
60590653,252,76,כפר גלעדי,מכללת - תל חי,,13,5370,254282.27512700000,793424.73729399999,2014,2015-07,254282.27512700000,793424.73729399999
54446517,252,4100,קצרין,מכללת - אוהלו,,13,5370,265540.72672699997,766109.14969400002,2014,2015-07,265540.72672699997,766109.14969400002
64763956,252,0,,אגרוסטאדיס,,13,5370,191924.29072700001,694059.54239399999,0,,191924.29072700001,694059.54239399999
60590647,252,0,,מכללת - אחוה,,13,5370,178718.66462699999,628013.91219399997,2014,2015-07,178718.66462699999,628013.91219399997
54448198,252,9700,הוד השרון,מכללת - שערי משפט,,13,5370,190782.43822700001,673595.35959400004,2014,2015-07,190782.43822700001,673595.35959400004
54452411,252,6000,באקה אל-גרביה,מכללת - אל קאסמי,,13,5370,203416.65342700001,703086.99869399995,2014,2015-07,203416.65342700001,703086.99869399995
54447361,252,3000,ירושלים,"בי""ס גבוה לטכנולוגיה",,13,5370,218182.29512699999,630244.12119400001,2014,2015-07,218182.29512699999,630244.12119400001
54446360,252,2610,בית שמש,מכללת - המשטרה,,13,5370,195939.10832699999,627298.39259399998,2014,2015-07,195939.10832699999,627298.39259399998
54450453,252,6100,בני ברק,אור ברכה סמינר בית יעקב גור,,13,5370,183676.94852700000,666098.78739399998,0,,183676.94852700000,666098.78739399998
54447636,252,8600,רמת גן,מכללת - שנקר,,13,5370,181557.12532699999,666369.61239400005,2014,2015-07,181557.12532699999,666369.61239400005
65108517,252,7700,עפולה,מעונות מכללה - האקדמית עמק יזראל,,13,5370,227311.04882699999,725166.96209399996,2014,2015-07,227311.04882699999,725166.96209399996
54446900,252,0,,מכללה - האקדמית יהודה ושומרון,,13,5370,219700.28812700001,667865.04409400001,2014,2015-07,219700.28812700001,667865.04409400001
54446922,252,3000,ירושלים,"מכללה - לבנות ע""ש שמידט",,13,5370,221919.94702699999,632266.96629400004,2014,2015-07,221919.94702699999,632266.96629400004
54446481,252,7400,נתניה,המכללה - האקדמית נתניה,,13,5370,188840.32392699999,690474.19409400003,2014,2015-07,188840.32392699999,690474.19409400003
54446956,252,3000,ירושלים,מכללה - אקדמית דתית ליפשיץ,,13,5370,222894.71752700000,634278.18099400005,2014,2015-07,222894.71752700000,634278.18099400005
54452277,252,6100,בני ברק,סמינר לבנות בית אלקיים,Bet Elkayam Girls Seminary,13,5370,184982.58952700000,666223.55839400005,2014,2015-07,184982.58952700000,666223.55839400005
54450125,252,3000,ירושלים,מכללת - ירושלים לבנות,,13,5370,218328.26172700000,629773.48199400003,2014,2015-07,218328.26172700000,629773.48199400003
54451948,252,6100,בני ברק,סמינר בית יעקב הרב כהנא,Bet Ya'akov HaRav Kahana Seminary,13,5370,185347.80262700000,664810.36679400003,2014,2015-07,185347.80262700000,664810.36679400003
54447471,252,6600,חולון,מכללה - טכנולוגית לבנייה,,13,5370,180951.02282700001,657467.53359400004,0,,180951.02282700001,657467.53359400004
60590821,252,0,,מכללת - אורות,,13,5370,203341.56062700000,669290.92419399996,2014,2015-07,203341.56062700000,669290.92419399996
54448536,252,2620,קריית אונו,הקריה האקדמית קריית אונו,Ono Academic College,13,5370,187091.51322699999,661744.42919399997,0,,187091.51322699999,661744.42919399997
54450733,252,2650,רמת השרון,"בי""ס למוסיקה רימון",Rimmon Music School,13,5370,186744.14762700000,670795.29849399999,0,,186744.14762700000,670795.29849399999
54446496,252,0,,מכללה - האקדמית יהודה ושומרון,,13,5370,219925.19752700001,667763.16499399999,0,,219925.19752700001,667763.16499399999
54452314,252,4000,חיפה,המכללה - האקדמית הערבית,,13,5370,201845.67122700001,744800.36519399995,2014,2015-07,201845.67122700001,744800.36519399995
54451393,252,4000,חיפה,מכללה - טכנולוגית חיפה עמל,,13,5370,196718.62232699999,746874.73329400003,2014,2015-07,196718.62232699999,746874.73329400003
54447447,252,70,אשדוד,המכללה - האקדמית להנדסה בנגב,,13,5370,167769.07902700000,635085.18039400002,2014,2015-07,167769.07902700000,635085.18039400002
54447152,252,70,אשדוד,מכללה - טיכנולוגית יעד,,13,5370,167869.80882700000,635624.96439400001,2014,2015-07,167869.80882700000,635624.96439400001
54446224,252,6400,הרצלייה,המוסד הבין תחומי הרצליה,Interdisciplinary Center (IDC) Herzliyya,13,5370,184672.19342699999,675921.50259399996,2014,2015-07,184672.19342699999,675921.50259399996
54452192,252,8700,רעננה,מכללת - רעננה,,13,5370,186351.12982700000,676426.63879400003,2014,2015-07,186351.12982700000,676426.63879400003
54452199,252,2600,אילת,מכללה - למנהל אילת,,13,5370,194769.28482700000,385260.45689400000,0,,194769.28482700000,385260.45689400000
54446150,252,7100,אשקלון,המכללה - האקדמית אשקלון,,13,5370,159451.88382700001,619830.05979400000,0,,159451.88382700001,619830.05979400000
54450963,252,2600,אילת,"בי""ס הבינלאומי למלונאות ותיירות",International School for Hotel & Tourism,13,5370,194890.78342699999,386677.83169399999,2014,2015-07,194890.78342699999,386677.83169399999
54446131,252,7400,נתניה,אולפן עקיבא,Ulpan Akiva,13,5370,184826.34792700000,686293.24319399998,2014,2015-07,184826.34792700000,686293.24319399998
54447369,252,70,אשדוד,מכללה - למנהל,,13,5370,168084.02272700000,635056.10199400003,2014,2015-07,168084.02272700000,635056.10199400003
54449948,252,4000,חיפה,המכללה - למנהל,,13,5370,196381.07132700001,746302.26569399994,2014,2015-07,196381.07132700001,746302.26569399994
54447187,252,5000,תל אביב -יפו,מכללת - לוינסקי לחינוך,,13,5370,181004.75742700000,671607.04419399996,0,,181004.75742700000,671607.04419399996
60590701,252,7500,סח'נין,מכללת - סכנין להכשרת מורים,,13,5370,229341.48752699999,751676.12709400000,2014,2015-07,229341.48752699999,751676.12709400000
54448865,252,8200,קריית מוצקין,פסגה המרכז לפיתוח סיגלי הוראה,,13,5370,207530.04572699999,749112.49019399995,0,,207530.04572699999,749112.49019399995
54451859,252,9600,קריית ים,הקונסרבטוריון - העירוני למוסיקה,,13,5370,207619.27432699999,751063.17719399999,0,,207619.27432699999,751063.17719399999
64763998,252,0,,המרכז האקדמי רופין,,13,5370,191982.66422700000,694316.20939400000,2014,2015-07,191982.66422700000,694316.20939400000
65109617,252,882,אורנים,מכללת אורנים,,13,5370,210491.54552700001,735308.86159400002,2014,2015-07,210491.54552700001,735308.86159400002
65109657,252,4000,חיפה,מכללה - מכללת שאנן,,13,5370,206809.81342699999,749047.37989400001,2014,2015-07,206809.81342699999,749047.37989400001
54446251,252,7600,עכו,מכללת - הגליל המערבי,,13,5370,208457.37692700000,760202.17329399998,0,,208457.37692700000,760202.17329399998
54448831,252,6700,טבריה,מכללת - יד חרוצים,,13,5370,248199.34032700001,743144.43329399999,0,,248199.34032700001,743144.43329399999
54447029,252,8000,צפת,מכללת - צפת,,13,5370,246618.90252700000,764043.68299400003,2014,2015-07,246618.90252700000,764043.68299400003
54448061,252,8000,צפת,"בי""ס למכינות הקדם אקדמאיות",Pre-Academic School,13,5370,246505.63502700001,763786.46399399999,2014,2015-07,246505.63502700001,763786.46399399999
54446930,252,1139,כרמיאל,מכללת - אורט בראודה,,13,5370,226833.95972700001,757713.82839399995,2014,2015-07,226833.95972700001,757713.82839399995
54448678,252,1139,כרמיאל,מכללה - רב תחומית,,13,5370,228737.38922700001,757668.40719399997,0,,228737.38922700001,757668.40719399997
54447456,252,4000,חיפה,מכללת - עמל למבוגרים,,13,5370,206303.87572700001,747252.68459399999,2014,2015-07,206303.87572700001,747252.68459399999
53941259,222,7500,סח'נין,האקדמיה למדע ומחקר,,13,5370,229447.59912699999,751776.99439400004,0,,229447.59912699999,751776.99439400004
53941029,222,812,שלומי,מכללת - ארז,,13,5370,213843.60502700001,775785.68459399999,0,,213843.60502700001,775785.68459399999
53941044,222,812,שלומי,מרכז הכשרה מקצועית ארז,,13,5370,214081.59472699999,774888.87279399997,0,,214081.59472699999,774888.87279399997
54009115,222,9100,נהרייה,מרכז השכלה למבוגרים,Adult Education Center,13,5370,210009.77792699999,767988.50559399999,0,,210009.77792699999,767988.50559399999
53941991,222,1063,מעלות-תרשיחא,קונסרבטוריון,Conservatory,13,5370,227090.15152700001,768885.24939400004,0,,227090.15152700001,768885.24939400004
53942625,222,4000,חיפה,סמינר בית יעקב,Bet Ya'akov,13,5370,200405.69502700001,745567.33939400001,0,,200405.69502700001,745567.33939400001
53942716,222,4000,חיפה,מכללת - שאנן,,13,5370,206805.15012700000,749022.25429399998,0,,206805.15012700000,749022.25429399998
53940797,222,2800,קריית שמונה,המכללה - האקדמית תל חי,,13,5370,253893.18792699999,789727.06039400003,0,,253893.18792699999,789727.06039400003
53940827,222,2800,קריית שמונה,"מרכז פסג""ה",,13,5370,253234.47152699999,790995.74129399995,0,,253234.47152699999,790995.74129399995
53940858,222,357,כפר בלום,מכללה,College,13,5370,257710.70872699999,786606.62499399995,0,,257710.70872699999,786606.62499399995
53942799,222,9500,קריית ביאליק,מכללת - אפיק,,13,5370,209312.59402700001,751217.60629400006,0,,209312.59402700001,751217.60629400006
53947979,222,1139,כרמיאל,קונסרבטוריון - בית המוסיקה,,13,5370,228660.51152700000,757625.88189399999,0,,228660.51152700000,757625.88189399999
53947864,222,6700,טבריה,מרכז מוזיקה ומחול היכל הדור הצעיר,"""Hekhal HaDor HaTsa'ir"" Dance & Music Center",13,5370,249097.00032699999,744621.21019400004,0,,249097.00032699999,744621.21019400004
54010225,222,4000,חיפה,המכללה - לגיל הרך גן ייחודי,,13,5370,207359.96632700000,747214.10659400001,0,,207359.96632700000,747214.10659400001
53947794,222,8800,שפרעם,מכללה,College,13,5370,216510.79422700001,745220.12409399997,0,,216510.79422700001,745220.12409399997
53950218,222,4000,חיפה,בית ספר - להנדסאים,,13,5370,203057.18162700001,742380.38129399996,0,,203057.18162700001,742380.38129399996
53947268,222,6500,חדרה,המכללה - המשותפת גמנסיה חדרה,,13,5370,192759.78812700001,705395.02299400000,0,,192759.78812700001,705395.02299400000
53951827,222,6700,טבריה,קונסרבטוריון - בית התזמורת,,13,5370,250746.32692699999,744048.94699400000,0,,250746.32692699999,744048.94699400000
53947127,222,6700,טבריה,מכללת - טבריה,,13,5370,249217.85992700001,743690.36279399996,0,,249217.85992700001,743690.36279399996
53949574,222,7400,נתניה,"בית ספר - לסיעוד ע""ש טסלר",,13,5370,186968.07822699999,694615.96669399994,0,,186968.07822699999,694615.96669399994
53943425,222,7500,סח'נין,מכון וינגיט,,13,5370,227775.11582700000,751947.50729400001,0,,227775.11582700000,751947.50729400001
53943703,222,7500,סח'נין,בית ספר תיכון - להנדסאים,,13,5370,229349.63012700001,751726.16239399998,0,,229349.63012700001,751726.16239399998
54009533,222,882,אורנים,המכון לאמנות,Art Institute,13,5370,210422.95142699999,735365.72639400000,2014,2015-07,210422.95142699999,735365.72639400000
53945328,222,7300,נצרת,מכללת - אל ג'אליל,,13,5370,228384.27282700001,734405.84139399999,0,,228384.27282700001,734405.84139399999
53943595,222,4000,חיפה,גמנסיה כרמל,Gimnasya Carmel,13,5370,198437.34352699999,746667.61979400006,0,,198437.34352699999,746667.61979400006
54009239,222,1139,כרמיאל,מכללת - אורט בראודה,,13,5370,226635.14032700000,757555.98419400002,0,,226635.14032700000,757555.98419400002
54010017,222,4000,חיפה,מדיקל,Medical,13,5370,204264.70512699999,744448.62849399995,0,,204264.70512699999,744448.62849399995
54011141,222,6600,חולון,בית ספר - לאחיות,,13,5370,177556.52572700000,660191.25019399996,0,,177556.52572700000,660191.25019399996
54010047,222,7600,עכו,"מרכז ללימודי סביבה ע""ש אינגה ל.מצגר",Inga L. Mezger Environmental Studies Center,13,5370,208496.40222700001,760118.69699400000,0,,208496.40222700001,760118.69699400000
54010221,222,4000,חיפה,המכללה למנהל,HaMikhlala LeMinhal (The College of Management),13,5370,203746.27162700001,744050.82699400000,0,,203746.27162700001,744050.82699400000
53951572,222,2720,טירה,מכללת - אל כוארזמי למדה,,13,5370,195896.94662700000,682277.42539400002,0,,195896.94662700000,682277.42539400002
53944779,222,7900,פתח תקווה,מכללה - לטכנאים ולהנדסאים,,13,5370,187508.70272700000,665777.31569399999,0,,187508.70272700000,665777.31569399999
53945855,222,4000,חיפה,מכללת - עתיד,,13,5370,204224.55682699999,744308.95189400006,0,,204224.55682699999,744308.95189400006
53944383,222,6700,טבריה,קונסרבטוריון,Conservatory,13,5370,248191.81562700000,742883.18039400002,0,,248191.81562700000,742883.18039400002
53958043,222,6700,טבריה,בית ספר - למלונאות מכללת הולידיי אין,,13,5370,251478.82182700001,741631.26509400003,0,,251478.82182700001,741631.26509400003
53957462,222,0,,קונסרבטוריון,Conservatory,13,5370,224635.96912699999,651515.56229399994,0,,224635.96912699999,651515.56229399994
53958909,222,6300,גבעתיים,קונסרבטוריון,Conservatory,13,5370,181731.17842700001,664559.01349399996,0,,181731.17842700001,664559.01349399996
53954112,222,7300,נצרת,בית ספר - לסיעוד,,13,5370,227550.80762700000,734152.30049399997,0,,227550.80762700000,734152.30049399997
54012552,222,1224,כוכב יאיר,קונסרבטוריון,Conservatory,13,5370,198871.18842699999,680069.52939399995,0,,198871.18842699999,680069.52939399995
53959210,222,5000,תל אביב -יפו,מכינה קדם אקדמית,Pre-Academic School,13,5370,178846.66292700000,664497.96629400004,0,,178846.66292700000,664497.96629400004
53955812,222,3000,ירושלים,מכללת - אדר,,13,5370,218130.76022699999,632154.69719400001,0,,218130.76022699999,632154.69719400001
53949811,222,4000,חיפה,בית ספר - להנדסאים,,13,5370,203096.67962700000,742399.44149400003,0,,203096.67962700000,742399.44149400003
53950422,222,8700,רעננה,מכללת - אופקים,,13,5370,189080.72232700000,678147.59529400000,0,,189080.72232700000,678147.59529400000
53952088,222,7400,נתניה,מכללת - אורט,,13,5370,187102.58852700001,693072.36559399997,0,,187102.58852700001,693072.36559399997
53954323,222,5000,תל אביב -יפו,הקריה ללימודי הנדסה וטכנולוגיה,Engineering & Technology Campus,13,5370,182975.66332699999,669141.49859400000,0,,182975.66332699999,669141.49859400000
53954334,222,6100,בני ברק,סמינר לבנות וולף,Wolf Girls Seminary,13,5370,184366.22352699999,665078.46409400005,0,,184366.22352699999,665078.46409400005
53960352,222,666,עומר,בית המוסיקה,Music House,13,5370,185505.08182699999,574707.48429399997,0,,185505.08182699999,574707.48429399997
54011894,222,8500,רמלה,מכללת - רמלה,,13,5370,187066.40002700000,647856.84189399995,0,,187066.40002700000,647856.84189399995
53955311,222,5000,תל אביב -יפו,מכללת - רידמן,,13,5370,181360.55162700001,668115.62169399997,0,,181360.55162700001,668115.62169399997
53963834,222,3000,ירושלים,מרכז תקוותנו המכללה החרדית ירושלים,,13,5370,219007.21122699999,633122.90069399995,0,,219007.21122699999,633122.90069399995
53961020,222,8600,רמת גן,מכללת - רמת גן,,13,5370,182894.82392699999,666032.93459399999,0,,182894.82392699999,666032.93459399999
53964086,222,3000,ירושלים,קולג' האחים הישועים,Jesuit Brothers College,13,5370,221619.41702699999,631724.02279399999,0,,221619.41702699999,631724.02279399999
54014446,222,5000,תל אביב -יפו,המכללה למנהל,HaMikhlala LeMinhal (The College of Management),13,5370,179194.11652700001,663371.83649400005,0,,179194.11652700001,663371.83649400005
54013517,222,6100,בני ברק,סמינר למורים ויזניץ,,13,5370,184420.16682700001,664587.33579399996,0,,184420.16682700001,664587.33579399996
53964257,222,7200,נס ציונה,קונסרבטוריון - עירוני,,13,5370,180315.07592700000,648990.47799399996,0,,180315.07592700000,648990.47799399996
53962855,222,0,,מרכז פדגוגי,Pedagogical,13,5370,211098.40202700000,604452.41299400001,0,,211098.40202700000,604452.41299400001
53968350,222,3000,ירושלים,נס מכללה למחשבים,,13,5370,220104.82392699999,634340.03769400006,0,,220104.82392699999,634340.03769400006
53963502,222,3000,ירושלים,מכללת - אפרתה,,13,5370,220737.66642699999,629408.88259399997,0,,220737.66642699999,629408.88259399997
53964456,222,3000,ירושלים,מכללה - למנהל,,13,5370,221031.77812700000,630047.41329399997,0,,221031.77812700000,630047.41329399997
53964835,222,70,אשדוד,מכללה,College,13,5370,166505.46062699999,635602.57229399995,0,,166505.46062699999,635602.57229399995
53969020,222,7000,לוד,מכללת - D.B.A,,13,5370,190333.89932699999,653060.00069400005,0,,190333.89932699999,653060.00069400005
53964468,222,3000,ירושלים,סמינר בית יעקב גור ירושלים,,13,5370,220093.65872700000,633348.76189400000,0,,220093.65872700000,633348.76189400000
53959624,222,6300,גבעתיים,מכללה - למינהל,,13,5370,182682.15042699999,663181.16719399998,0,,182682.15042699999,663181.16719399998
54012925,222,5000,תל אביב -יפו,סמינר למורות וגננות,Seminary for Teachers and Nursery Teachers,13,5370,178030.77422699999,663619.90879400005,0,,178030.77422699999,663619.90879400005
53956323,222,4000,חיפה,בית ספר - להנדסאים,,13,5370,203076.07682700001,742339.89679399994,0,,203076.07682700001,742339.89679399994
53960607,222,6100,בני ברק,מרכז הכשרה והשתלמות מורות,,13,5370,183684.47492700000,666072.08389400004,0,,183684.47492700000,666072.08389400004
53960041,222,3000,ירושלים,גורו קולג,,13,5370,217760.37102699999,632870.66859400005,0,,217760.37102699999,632870.66859400005
54012573,222,8300,ראשון לציון,מכללת - מינהל,,13,5370,178692.70802699999,655383.12529400003,0,,178692.70802699999,655383.12529400003
53959914,222,6600,חולון,מכללת - אורט,,13,5370,177892.65392700001,656813.96429399995,0,,177892.65392700001,656813.96429399995
53960155,222,3000,ירושלים,מכון למורים,Teachers' Institute,13,5370,221039.10012700001,632841.81219400000,0,,221039.10012700001,632841.81219400000
53963267,222,7100,אשקלון,קונסרבטוריון - עירוני,,13,5370,159242.32122700001,618491.59199400002,0,,159242.32122700001,618491.59199400002
54012608,222,3000,ירושלים,המכללה - בירושלים,,13,5370,220723.20362700001,628813.88929399999,0,,220723.20362700001,628813.88929399999
53957998,222,2400,אור יהודה,מכללה - עירונית,,13,5370,186627.93942700000,659318.42119400005,2014,2015-07,186627.93942700000,659318.42119400005
53958024,222,2400,אור יהודה,"קונסרבטוריון - ע""ש זבולון המר",,13,5370,186927.76632699999,659912.94019400002,0,,186927.76632699999,659912.94019400002
53960519,222,8600,רמת גן,בית ספר - לאומנויות בית צבי,,13,5370,183323.43132700000,665078.96049400000,0,,183323.43132700000,665078.96049400000
53970293,222,693,"נתיב הל""ה",מכינה קדם צבאית,Pre-Military School,13,5370,198520.92902700001,621900.19299400004,0,,198520.92902700001,621900.19299400004
53968805,222,6100,בני ברק,סמינר בית יעקב הרב וולף,Bet Ya'akov HaRav Wolf Seminary,13,5370,185147.62682700000,665229.85129400005,0,,185147.62682700000,665229.85129400005
53969270,222,3000,ירושלים,מכללה - טכנולוגית,,13,5370,221792.46372699999,632738.03779400000,0,,221792.46372699999,632738.03779400000
53971555,222,0,,סמינר בית יעקב נתיבות החכמה,,13,5370,211630.88712699999,623479.88519399997,0,,211630.88712699999,623479.88519399997
53969517,222,3000,ירושלים,האקדמיה הלאומית למדעים,,13,5370,220482.39402700000,630816.43329399999,0,,220482.39402700000,630816.43329399999
53971049,222,8500,רמלה,מכללה - עירונית,,13,5370,187409.44662700000,648458.08599399996,0,,187409.44662700000,648458.08599399996
53972539,222,7700,עפולה,מכללת - הצפון,,13,5370,228335.86042700001,723635.66219399997,0,,228335.86042700001,723635.66219399997
53971981,222,7600,עכו,דיקאנט,Deanery,13,5370,208407.70612700001,760220.48319399997,0,,208407.70612700001,760220.48319399997
53971517,222,2200,דימונה,"קונסרבטוריון - עירוני ע""ש קלרה רוסו",,13,5370,202663.48322699999,552720.43339400005,0,,202663.48322699999,552720.43339400005
53968484,222,70,אשדוד,מכללת - אשדוד,,13,5370,168109.02172700001,634338.70059400005,0,,168109.02172700001,634338.70059400005
53968487,222,9000,באר שבע,קונסרבטוריון - עירוני,,13,5370,180595.42582700000,573439.30989399995,0,,180595.42582700000,573439.30989399995
53968268,222,9600,קריית ים,קוסרבטוריון,Conservatory,13,5370,206296.14752699999,750278.57719400001,0,,206296.14752699999,750278.57719400001
53968437,222,4000,חיפה,בית ספר - להנדסאים,,13,5370,202978.20972700001,742360.76169399999,0,,202978.20972700001,742360.76169399999
54014564,222,848,בית רבן,מכללת - גבעת ושינגטון,,13,5370,174473.14882700000,636067.43019400002,0,,174473.14882700000,636067.43019400002
53968202,222,9000,באר שבע,בית ספר - להנדסאים,,13,5370,179812.73912700001,574880.80359400006,0,,179812.73912700001,574880.80359400006
54013909,222,6100,בני ברק,סמינר עטרת רחל,Ateret Rahel Seminary,13,5370,185033.24212700000,665303.56049399998,0,,185033.24212700000,665303.56049399998
53968173,222,2600,אילת,מכללת - אור בגרות ופסיכומטרי,,13,5370,193811.47382700001,386182.76659399999,0,,193811.47382700001,386182.76659399999
53966505,222,8400,רחובות,קונסרבטוריון - עירוני,,13,5370,183127.92162700000,645374.37299399998,0,,183127.92162700000,645374.37299399998
54014218,222,7000,לוד,קונסרבטוריון,Conservatory,13,5370,190045.83752700000,651025.36739399994,0,,190045.83752700000,651025.36739399994
53967224,222,9000,באר שבע,"מכללת - ב""ש והנגב",,13,5370,179822.12222700001,572570.36719400005,0,,179822.12222700001,572570.36719400005
53969363,222,7600,עכו,מרכז הדרכת מחשבים,Computers Guidance Center,13,5370,208424.65202700000,760283.86619400000,0,,208424.65202700000,760283.86619400000
53965243,222,5000,תל אביב -יפו,אורט קריירה,Ort Career,13,5370,180973.94642699999,663293.52509400004,0,,180973.94642699999,663293.52509400004
53967170,222,3000,ירושלים,מכללת - דויד ילין,,13,5370,218077.88062700001,632182.12019399996,0,,218077.88062700001,632182.12019399996
53964058,222,8600,רמת גן,בית ספר - לסיעוד,,13,5370,185682.72772699999,661614.60709399998,0,,185682.72772699999,661614.60709399998
53968937,222,1031,שדרות,מרכז למוסיקה,Music Center,13,5370,161915.48392699999,603148.05689400004,0,,161915.48392699999,603148.05689400004
54013812,222,3000,ירושלים,בית ספר - לעובדים,,13,5370,220897.16402699999,631030.06229399994,0,,220897.16402699999,631030.06229399994
53967304,222,2560,ערד,קונסרבטוריון,Conservatory,13,5370,219631.66062700000,573783.05799400003,0,,219631.66062700000,573783.05799400003
53966304,222,3000,ירושלים,בית ספר - לאחיות,,13,5370,223433.52402700001,631950.38789400004,0,,223433.52402700001,631950.38789400004
53965899,222,3000,ירושלים,קולג' האחים הישועים,Jesuit Brothers College,13,5370,221509.80652700001,631771.81749399996,0,,221509.80652700001,631771.81749399996
54017363,222,9200,בית שאן,מכללת - עמל,,13,5370,247795.07492700001,711680.27009400004,0,,247795.07492700001,711680.27009400004
53986450,222,8300,ראשון לציון,מכללת - בית אברוצקי,,13,5370,183342.05062699999,651388.72789400001,0,,183342.05062699999,651388.72789400001
53977120,222,8000,צפת,בית ספר - לסיעוד,,13,5370,246305.05702700000,762233.12339399999,0,,246305.05702700000,762233.12339399999
53980319,222,4000,חיפה,בית ספר - להנדסאים,,13,5370,203012.71312700000,742333.93969399994,0,,203012.71312700000,742333.93969399994
53976482,222,5000,תל אביב -יפו,"בית המלין ביה""ס משלב",,13,5370,180312.58112700001,665827.46959400002,0,,180312.58112700001,665827.46959400002
54015720,222,5000,תל אביב -יפו,קונסרבטוריון,Conservatory,13,5370,180107.57592700000,666759.47349400003,0,,180107.57592700000,666759.47349400003
53986019,222,9700,הוד השרון,"ב""ס למוסיקה ענק",,13,5370,189733.08152700000,673599.49019399995,2014,2015-07,189733.08152700000,673599.49019399995
53975964,222,9000,באר שבע,מרכז גרינברג מורים,,13,5370,180717.72352699999,574346.62459400005,0,,180717.72352699999,574346.62459400005
53974279,222,3000,ירושלים,סמינר בית יעקב,Bet Ya'akov,13,5370,221150.50142700001,633553.81929400004,0,,221150.50142700001,633553.81929400004
53978716,222,7600,עכו,אגודת סטודנטים,Students Association,13,5370,208407.19362700000,760220.24909399997,0,,208407.19362700000,760220.24909399997
53979370,222,1061,נצרת עילית,מכללת - כוכב הצפון,,13,5370,231558.00942700001,735446.95849400002,0,,231558.00942700001,735446.95849400002
54016450,222,4000,חיפה,מרכז יובל למוזיקה,Yovel Music Center,13,5370,199881.70232700001,745206.94489399996,0,,199881.70232700001,745206.94489399996
53976848,222,7000,לוד,תזמורת הנוער העירונית,Municipal Youth Orchestra,13,5370,189253.18492699999,649978.01369399996,0,,189253.18492699999,649978.01369399996
54015817,222,2600,אילת,קונסרבטוריון - עיריית אילת,,13,5370,194635.71562700000,385244.81239400001,0,,194635.71562700000,385244.81239400001
53978405,222,240,יקנעם עילית,קונסרבטוריון,Conservatory,13,5370,210274.98062700001,728940.03699399997,0,,210274.98062700001,728940.03699399997
53981128,222,2400,אור יהודה,המכללה - הגבוהה לחשבונאות,,13,5370,187158.45492700001,659187.00739399996,0,,187158.45492700001,659187.00739399996
53970398,222,0,,סמינר בית יעקב נתיבות החכמה,,13,5370,211609.23262699999,623490.28379400005,0,,211609.23262699999,623490.28379400005
53974309,222,1268,מיתר,קונסרבטוריון - מיתר,,13,5370,194507.19232700000,582382.29329399997,0,,194507.19232700000,582382.29329399997
54016653,222,4000,חיפה,מכללת - אנקורי,,13,5370,199913.68192700000,746247.48889399995,0,,199913.68192700000,746247.48889399995
53981248,222,8500,רמלה,קונסרבטוריון,Conservatory,13,5370,187600.02402700001,649478.74139400001,0,,187600.02402700001,649478.74139400001
53980663,222,7600,עכו,מרכז מידע וקבלה,Reception & Information Center,13,5370,208449.08942700000,760236.77819400001,0,,208449.08942700000,760236.77819400001
53975422,222,9400,יהוד-מונוסון,מכללת - עמל הישגים יהוד,,13,5370,190193.14852700001,660278.98489399999,0,,190193.14852700001,660278.98489399999
53972381,222,6800,קריית אתא,מכללת - קרית אתא,,13,5370,211775.92702700000,746185.44699400000,0,,211775.92702700000,746185.44699400000
53971992,222,8200,קריית מוצקין,המכללה - המשותפת,,13,5370,208514.46522700001,749623.03429400001,0,,208514.46522700001,749623.03429400001
53971621,222,3000,ירושלים,המרכז למוסיקה ירושלים,Jerusalem Music Centre,13,5370,221362.52632700000,630973.98489399999,0,,221362.52632700000,630973.98489399999
53974413,222,4000,חיפה,מכללת - עתיד,,13,5370,204110.20632699999,744298.73519399995,0,,204110.20632699999,744298.73519399995
53975081,222,3000,ירושלים,קונסרבטוריון - שלומית,,13,5370,218130.26022699999,632155.56319400005,0,,218130.26022699999,632155.56319400005
53970759,222,3000,ירושלים,מכללת - חיפה,,13,5370,221572.08082700000,638254.77719399997,0,,221572.08082700000,638254.77719399997
54016291,222,693,"נתיב הל""ה",מכינה קדם צבאית,Pre-Military School,13,5370,198548.20482700001,621931.50869399996,0,,198548.20482700001,621931.50869399996
53994180,222,6000,באקה אל-גרביה,המכללה - למינהל,,13,5370,204608.21602699999,701977.88769400003,0,,204608.21602699999,701977.88769400003
53984381,222,8000,צפת,הנהלת מכללת צפת,Tsfat College Management,13,5370,246611.72282699999,764045.51529400004,2014,2015-07,246611.72282699999,764045.51529400004
53990659,222,6500,חדרה,"טכנודע דורס""ת",,13,5370,189716.20032700000,704987.92219399998,0,,189716.20032700000,704987.92219399998
53989107,222,7900,פתח תקווה,קונסרבטוריון - עירוני,,13,5370,188583.77862699999,666680.56979400001,0,,188583.77862699999,666680.56979400001
53984671,222,3000,ירושלים,מכללת - דויד ילין,,13,5370,218130.26022699999,632153.83109400002,0,,218130.26022699999,632153.83109400002
53984679,222,3000,ירושלים,מכללה - דתית למורים,,13,5370,218510.83712700001,632652.60539399995,0,,218510.83712700001,632652.60539399995
53989679,222,8400,רחובות,המכללה - למנהל רחובות,,13,5370,182160.75122700000,644917.34429399995,0,,182160.75122700000,644917.34429399995
53985573,222,8700,רעננה,מכללה - לעיצוב דיגיטלי,,13,5370,188703.52222700001,676343.08699400001,0,,188703.52222700001,676343.08699400001
53984554,222,6700,טבריה,בית ספר - פיסגה לפיתוח ההוראה,,13,5370,249178.37282700001,743913.80819400004,0,,249178.37282700001,743913.80819400004
53986904,222,6000,באקה אל-גרביה,בית ספר - להנדסאים המכללה הארצית סכנין,,13,5370,203578.49032700001,703422.92319400003,2014,2015-07,203578.49032700001,703422.92319400003
53995031,222,4000,חיפה,"מכללת - ויצ""ו לאומנויות",,13,5370,199381.11952700000,747380.26969400002,0,,199381.11952700000,747380.26969400002
53987701,222,6400,הרצלייה,קונסרבטוריון,Conservatory,13,5370,181583.81892699999,675101.53529399994,0,,181583.81892699999,675101.53529399994
53987878,222,7500,סח'נין,המכללה - המשותפת ותיכון אורית,,13,5370,227912.72732700000,751910.95179399999,2014,2015-07,227912.72732700000,751910.95179399999
53988608,222,4000,חיפה,מכללת - שאנן,,13,5370,202134.56272700001,744403.70359399996,0,,202134.56272700001,744403.70359399996
53984567,222,5000,תל אביב -יפו,קונסרבטוריון,Conservatory,13,5370,182250.88512699999,661544.89119400003,0,,182250.88512699999,661544.89119400003
53983873,222,8600,רמת גן,מכללת - ורצבורג,,13,5370,181969.13422700000,665645.75559399999,0,,181969.13422700000,665645.75559399999
53982867,222,5000,תל אביב -יפו,אסכולה בית ספר לעיצוב,,13,5370,179781.01602700001,662649.85439400002,0,,179781.01602700001,662649.85439400002
54018737,222,7600,עכו,"מרכז למדעים וטכנולוגיה ע""ש פרנץ ואוה קון",Franz & Eva Koon Science & Technology Center,13,5370,208450.12292699999,760269.70539400005,0,,208450.12292699999,760269.70539400005
53981970,222,7100,אשקלון,המכללה - המשותפת,,13,5370,160825.81952700001,619035.80819400004,0,,160825.81952700001,619035.80819400004
53982932,222,2710,אום אל-פחם,מכללת - אל פאא,,13,5370,214840.05332700000,714474.36149399995,0,,214840.05332700000,714474.36149399995
53978510,222,7500,סח'נין,מכללת - המרכז להשתלמות,,13,5370,227774.11572700000,751947.50739399996,0,,227774.11572700000,751947.50739399996
53981934,222,6700,טבריה,בית ספר - למלונאות מכללת הולידיי אין,,13,5370,251473.29412700000,741662.01399400004,0,,251473.29412700000,741662.01399400004
53986199,222,9000,באר שבע,"אקדמיה למוסיקה ע""ש סמואל רובין",Samuel Rubin Academy of Music,13,5370,180594.42582700000,573439.30989399995,0,,180594.42582700000,573439.30989399995
54017711,222,6000,באקה אל-גרביה,המכללה - הטכנולית לחינוך והשתלמות,,13,5370,203242.69282699999,703661.16529399995,0,,203242.69282699999,703661.16529399995
53977470,222,7300,נצרת,מכללה - John Bryce למחשבים,,13,5370,227612.15292699999,732658.80089399999,0,,227612.15292699999,732658.80089399999
53982317,222,3000,ירושלים,מכללת - אורט,,13,5370,218557.89552699999,631369.66189400002,0,,218557.89552699999,631369.66189400002
53979629,222,4000,חיפה,בית ספר - להנדסאים,,13,5370,203035.08712700001,742365.63129399996,0,,203035.08712700001,742365.63129399996
53983734,222,5000,תל אביב -יפו,"המכללה - האקדמית של ת""א יפו",,13,5370,178989.20252699999,664143.98719400004,0,,178989.20252699999,664143.98719400004
53981584,222,7600,עכו,מרכז שבדיה לאומנויות,Shvedya Arts Center,13,5370,208406.88902700000,760219.77509400004,0,,208406.88902700000,760219.77509400004
53980932,222,7100,אשקלון,המכללה - למחשבים,,13,5370,160824.70152700000,619036.17149400001,0,,160824.70152700000,619036.17149400001
53980511,222,8300,ראשון לציון,טומשין בגרות ופסיכומטרי,Tomashin Bagrut Upsichometri (Matriculation & Psy*,13,5370,182447.92152700000,653565.40679399995,0,,182447.92152700000,653565.40679399995
54018479,222,4000,חיפה,אופקי חינוך המכללה לישראל,,13,5370,196523.63032699999,747056.09749399999,0,,196523.63032699999,747056.09749399999
53984179,222,1139,כרמיאל,מכללת - מגדים,,13,5370,227905.87532699999,758094.03509400005,0,,227905.87532699999,758094.03509400005
53979645,222,7600,עכו,"פר""ח",PeRaH (Tutorial Project),13,5370,208397.23322699999,760284.29139400006,0,,208397.23322699999,760284.29139400006
54001273,222,7900,פתח תקווה,המכללה - הישראלית לבטחון וחקירות,,13,5370,186858.14562699999,666292.55279400002,0,,186858.14562699999,666292.55279400002
54001096,222,2710,אום אל-פחם,המכללה למנהל,HaMikhlala LeMinhal (The College of Management),13,5370,214794.10062700001,714660.13759399997,0,,214794.10062700001,714660.13759399997
53993897,222,5000,תל אביב -יפו,"קונסרבטוריון - ע""ש קתרין לואיס",,13,5370,185279.61592700001,669386.64239399997,0,,185279.61592700001,669386.64239399997
53993847,222,1063,מעלות-תרשיחא,מכללת - עתיד,,13,5370,226298.83632700000,769004.75759399997,0,,226298.83632700000,769004.75759399997
54003787,222,8400,רחובות,מכללה - עירונית לחינוך מבוגרים,,13,5370,181949.58772700001,644415.30649400002,0,,181949.58772700001,644415.30649400002
53994307,222,3000,ירושלים,סמינר למורות בית יעקב,,13,5370,219186.44322700001,633302.56239400001,0,,219186.44322700001,633302.56239400001
54002459,222,3000,ירושלים,מכללת - מבשרת ירושלים,,13,5370,218268.41932700001,633135.99199400004,0,,218268.41932700001,633135.99199400004
53994226,222,70,אשדוד,קונסרבטוריון,Conservatory,13,5370,166280.81662699999,634006.74759399996,0,,166280.81662699999,634006.74759399996
54020233,222,9500,קריית ביאליק,קונסרבטוריון - קרית ביאליק,,13,5370,208714.05482700001,748749.20929399994,0,,208714.05482700001,748749.20929399994
53991326,222,1271,להבים,קונסרבטוריון - ענבלים,,13,5370,182499.99022700000,586880.61689399998,0,,182499.99022700000,586880.61689399998
54020291,222,8600,רמת גן,המכללה - הטכנולוגית הגדולה בישראל,,13,5370,181775.32072700001,665667.85759399994,0,,181775.32072700001,665667.85759399994
54003866,222,6300,גבעתיים,מכללה - לתקשורת והדרכה אולפני גבע,,13,5370,182106.87082700001,664003.75429399998,0,,182106.87082700001,664003.75429399998
53993065,222,5000,תל אביב -יפו,ויטל המרכז ללימודי עיצוב,,13,5370,178303.74382700000,662621.81349400000,0,,178303.74382700000,662621.81349400000
53993096,222,7600,עכו,"פר""ח",PeRaH (Tutorial Project),13,5370,208388.78212700001,760315.11539399996,0,,208388.78212700001,760315.11539399996
53995849,222,2650,רמת השרון,קונסרבטוריון,Conservatory,13,5370,185533.35292700000,672910.08369400003,0,,185533.35292700000,672910.08369400003
53992281,222,509,כפר כנא,מכללת - השלום,,13,5370,232047.41572700001,740227.54049399996,0,,232047.41572700001,740227.54049399996
53993950,222,1139,כרמיאל,מכללת - רמות מנהל,,13,5370,228701.39192699999,758515.60479400004,0,,228701.39192699999,758515.60479400004
54018817,222,8400,רחובות,מכללת - רחובות,,13,5370,181226.49812700000,644404.46179400000,0,,181226.49812700000,644404.46179400000
53990149,222,5000,תל אביב -יפו,בית האומנים,Bet Ha'Ummanim,13,5370,180129.36462700000,667726.05059400003,0,,180129.36462700000,667726.05059400003
53999440,222,3000,ירושלים,המכללה - ליהדות פלורליסטית,,13,5370,220330.98192699999,631373.93699399999,0,,220330.98192699999,631373.93699399999
53992590,222,5000,תל אביב -יפו,הקונסרבטוריון - הישראלי למוסיקה,,13,5370,180113.22112700000,666700.56799400004,0,,180113.22112700000,666700.56799400004
53991224,222,0,,המכללה - הטכנולוגית לתעופה,,13,5370,230272.72512700001,631756.35129400005,0,,230272.72512700001,631756.35129400005
53988934,222,0,,סמינר בית יעקב נתיבות החכמה,,13,5370,211626.39732700001,623490.78379400005,0,,211626.39732700001,623490.78379400005
53988941,222,6100,בני ברק,"סמינר לבנות ב""י למדעי מחשב",Computer Science Bet Yisra'el Girls Seminary,13,5370,183639.83132699999,666195.55079400004,0,,183639.83132699999,666195.55079400004
53989370,222,2610,בית שמש,קונסרבטוריון,Conservatory,13,5370,199425.70402700000,628430.23729399999,0,,199425.70402700000,628430.23729399999
53999495,222,6000,באקה אל-גרביה,המכללה - לתחבורה,,13,5370,204072.37782699999,702943.78099400003,0,,204072.37782699999,702943.78099400003
53989990,222,7500,סח'נין,מכללת - אלבטול,,13,5370,228047.27632700000,751977.15699399996,0,,228047.27632700000,751977.15699399996
53990478,222,9000,באר שבע,מכללת - גיננאטה סניף הנגב,,13,5370,180305.18102700001,572211.69309399999,0,,180305.18102700001,572211.69309399999
53997884,222,4000,חיפה,בית דוניה מכון למוסיקה,,13,5370,200247.46512700000,745442.95539400005,0,,200247.46512700000,745442.95539400005
53989828,222,7000,לוד,מכללה - אזורית לוד,,13,5370,190366.46942700000,650829.88279399998,0,,190366.46942700000,650829.88279399998
53988868,222,2600,אילת,מכללת - אור בגרות ופסיכומטרי,,13,5370,195173.85902700000,385337.03479399998,0,,195173.85902700000,385337.03479399998
53989971,222,2640,ראש העין,קונסרבטוריון,Conservatory,13,5370,196618.11572700000,667239.76179400005,0,,196618.11572700000,667239.76179400005
53998552,222,2630,קריית גת,מכללת - אשרות קרית גת,,13,5370,178241.24562700000,612943.59389400005,0,,178241.24562700000,612943.59389400005
53994286,222,812,שלומי,מרכז השתלמות מורים,Teachers Advanced Studies Center,13,5370,214412.14122699999,775894.08529399999,0,,214412.14122699999,775894.08529399999
54020186,222,4000,חיפה,בית ספר - לאחיות,,13,5370,198776.88492700001,748861.29189400002,0,,198776.88492700001,748861.29189400002
54021570,222,4000,חיפה,בית ספר - להנדסאים,,13,5370,203059.32002700001,742334.02349399996,0,,203059.32002700001,742334.02349399996
54000782,222,2720,טירה,מכללת - הדרום לבניה,,13,5370,194345.82432700001,682314.59519400005,0,,194345.82432700001,682314.59519400005
54000857,222,9200,בית שאן,בית המוסיקה,Music House,13,5370,247323.41292700000,710885.59879399999,0,,247323.41292700000,710885.59879399999
54022210,222,0,,סמינר בית יעקב נתיבות החכמה,,13,5370,211608.12692700000,623477.99569400004,0,,211608.12692700000,623477.99569400004
54020737,222,2600,אילת,מכללה - למחשבים אילת,,13,5370,193931.73912700001,386218.65779400000,0,,193931.73912700001,386218.65779400000
54022105,222,7700,עפולה,מרכז פיס לאומנויות ומוזיקה,,13,5370,228065.12932700000,724405.95539400005,0,,228065.12932700000,724405.95539400005
54022539,222,7400,נתניה,מכללת - בית חנה למורים וגננות,,13,5370,187024.83332700000,694625.02919399994,0,,187024.83332700000,694625.02919399994
54022486,222,0,,סמינר לבנות,,13,5370,211324.59722699999,618285.99569400004,2014,2015-07,211324.59722699999,618285.99569400004
53999927,222,4000,חיפה,קונסרבטוריון - עירוני,,13,5370,199518.24732699999,746999.03649400000,0,,199518.24732699999,746999.03649400000
54001378,222,6500,חדרה,מכללה - אזורית מנשה,,13,5370,193180.36072699999,704978.80109399999,0,,193180.36072699999,704978.80109399999
53999722,222,2640,ראש העין,מרכז למוסיקה,Music Center,13,5370,195197.52132699999,667016.61529400002,0,,195197.52132699999,667016.61529400002
54008146,222,2660,יבנה,קונסרבטוריון - מרכז מוזיקה,,13,5370,175894.41962700000,641831.79309399996,0,,175894.41962700000,641831.79309399996
54000369,222,7600,עכו,המכללה - ללימודי עבודה,,13,5370,207856.36712700000,759142.37359400000,0,,207856.36712700000,759142.37359400000
54020722,222,874,מגדל העמק,מרכז מוסיקה ומחול,Dance & Music Center,13,5370,222467.55772700001,731337.61769400002,0,,222467.55772700001,731337.61769400002
54000345,222,666,עומר,המכללה - האקדמאית בנגב להנדסה,,13,5370,184239.37312700000,575954.53279400000,0,,184239.37312700000,575954.53279400000
54008185,222,70,אשדוד,הקונסבטוריון העירוני,Municipal Conservatory,13,5370,165136.33512700000,632630.77969400003,0,,165136.33512700000,632630.77969400003
54022448,222,7600,עכו,קונסרבטוריון - עירוני,,13,5370,206957.84162699999,759017.51729400002,0,,206957.84162699999,759017.51729400002
54007171,222,5000,תל אביב -יפו,מכללה - לאומנות,,13,5370,178227.57172700000,663825.22279399994,0,,178227.57172700000,663825.22279399994
54023578,222,6700,טבריה,בית ספר - למלונאות מכללת הולידיי אין,,13,5370,251519.52302699999,741615.59869400004,0,,251519.52302699999,741615.59869400004
53999186,222,2710,אום אל-פחם,מכללת - אנגיאת להכשרה מקצועית,,13,5370,214109.91222699999,715677.40869399998,0,,214109.91222699999,715677.40869399998
54005915,222,882,אורנים,מכללה,College,13,5370,210486.92592700000,735168.95929399994,0,,210486.92592700000,735168.95929399994
54006384,222,4000,חיפה,מכללת - גורדון לחינוך,,13,5370,197417.63002700001,747822.91479399998,0,,197417.63002700001,747822.91479399998
54006599,222,4000,חיפה,בית ספר - להנדסאים,,13,5370,203004.82752699999,742411.21959400002,0,,203004.82752699999,742411.21959400002
54022563,222,4000,חיפה,בית ספר - למלונאות גורמה,,13,5370,199351.85562700001,745392.02549399994,0,,199351.85562700001,745392.02549399994
53988038,222,168,כפר יונה,מרכז מוזיקה,Music Center,13,5370,194128.61852700001,691465.52989400004,0,,194128.61852700001,691465.52989400004
54008499,222,534,עספיא,אקדמיה מכללה,,13,5370,205806.22622700001,734620.31109400000,0,,205806.22622700001,734620.31109400000
54007406,222,5000,תל אביב -יפו,בית ספר - לאחיות,,13,5370,180461.14332700000,665410.21409400005,2014,2015-07,180461.14332700000,665410.21409400005
54023476,222,31,אופקים,"אודיטוריום ע""ש לובנר",Lubner Auditorium,13,5370,163629.40622700000,581119.48139400000,0,,163629.40622700000,581119.48139400000
54023479,222,7600,עכו,מכללת - סכנין להנדסאים,,13,5370,207773.10592700000,758567.62059399998,0,,207773.10592700000,758567.62059399998
54005578,222,7300,נצרת,מכללת - אל קודוס,,13,5370,228800.00952699999,734548.69239400001,0,,228800.00952699999,734548.69239400001
54006322,222,3000,ירושלים,בית יעקב סמינר למורות,,13,5370,217821.99202700000,630050.91779400001,0,,217821.99202700000,630050.91779400001
54004253,222,5000,תל אביב -יפו,המכללה - הטכנולוגית לתעבורה,,13,5370,178094.17852700001,662013.48589400004,0,,178094.17852700001,662013.48589400004
54007953,222,693,"נתיב הל""ה",מכינה קדם צבאית,Pre-Military School,13,5370,198502.19402699999,621875.58479400002,0,,198502.19402699999,621875.58479400002
54005245,222,6100,בני ברק,סמינר בית יעקב פעמי רחל,,13,5370,184790.06712699999,666417.19099399995,0,,184790.06712699999,666417.19099399995
54004912,222,5000,תל אביב -יפו,מכון אבני המכללה לאומנות ועיצוב תל אביב,,13,5370,177662.40822700001,662724.96349400003,0,,177662.40822700001,662724.96349400003
54004913,222,3000,ירושלים,סמינר נוות ישראל,Navot Yisra'el Seminary,13,5370,221489.96042700001,632925.60439400002,0,,221489.96042700001,632925.60439400002
54023079,222,3000,ירושלים,מכללת - אברהמיה,,13,5370,222975.31712699999,632665.10919400002,0,,222975.31712699999,632665.10919400002
54007813,222,70,אשדוד,מכללת - Codelman,,13,5370,165992.41392699999,633675.92489400005,0,,165992.41392699999,633675.92489400005
54022964,222,2710,אום אל-פחם,המכללה - האסלמית,,13,5370,214527.39092700000,714210.36149399995,0,,214527.39092700000,714210.36149399995
54023207,222,2620,קריית אונו,המכללה - לצילום קרית אונו,,13,5370,187041.60522699999,662545.32889400003,0,,187041.60522699999,662545.32889400003
54007843,222,2100,טירת כרמל,מכללה - לבניית ציפורנים נייל סטודיו,,13,5370,197810.24632700000,740802.49379400001,0,,197810.24632700000,740802.49379400001
54003360,222,3000,ירושלים,מכללה - דתית למורים,,13,5370,220688.72042699999,631989.74359400000,0,,220688.72042699999,631989.74359400000
54004733,222,2200,דימונה,מכללה - טכנולוגית באר שבע שלוחת דימונה,,13,5370,203315.05192699999,553194.92909400002,0,,203315.05192699999,553194.92909400002
54005860,222,0,,מכללה - תורנית חמדת דרום,,13,5370,161148.82602700000,593382.02409399999,0,,161148.82602700000,593382.02409399999
54004085,222,0,,המכללה - האזורית מעלה אדומים,,13,5370,228122.28302700000,630573.65129399998,0,,228122.28302700000,630573.65129399998
54023247,222,6100,בני ברק,סמינר בית יעקב גור,Bet Ya'akov Gur Seminary,13,5370,184456.09872700000,665205.40489400004,0,,184456.09872700000,665205.40489400004
54450867,252,4000,חיפה,המרכז הטכנולוגי להכשרה מקצועית נווה דוד,Technological Centre for Professional Training - *,13,5370,196344.57152699999,746445.79429400002,2014,2015-07,196344.57152699999,746445.79429400002
54448111,252,7400,נתניה,המכללה - למינהל,,13,5370,186330.10682700001,693307.22719400004,0,,186330.10682700001,693307.22719400004
54452372,252,0,,מכללת - יעקוב הרצוג,,13,5370,211749.40922700000,618325.74799399998,2014,2015-07,211749.40922700000,618325.74799399998
54447535,252,7300,נצרת,"בי""ס לאחיות סלזיאניות",Selezian Sisters School,13,5370,227545.57002700001,734690.02599400003,2014,2015-07,227545.57002700001,734690.02599400003
65105209,222,2620,קריית אונו,מכללה - הקריה האקדמית אונו,,13,5370,186862.43092700001,661834.88709400001,2014,2015-07,186862.43092700001,661834.88709400001
64841210,222,7200,נס ציונה,קונסרבטוריון עירוני,Municipal Conservatory,13,5370,180279.79852700001,648965.74329400004,2013,2014-01,180279.79852700001,648965.74329400004
54452078,252,7000,לוד,מכללה - אזורית לוד,,13,5370,190347.79082699999,650756.54939399997,2014,2015-07,190347.79082699999,650756.54939399997
54453253,252,7400,נתניה,מכללה - מכון וינגייט,,13,5370,184651.92522700000,685185.60459400003,2014,2015-07,184651.92522700000,685185.60459400003
54448723,252,9000,באר שבע,מכללת - אתגר,,13,5370,180559.40772700001,573334.79189400002,2014,2015-07,180559.40772700001,573334.79189400002
54446876,252,3000,ירושלים,קרית מוריה המדרשה למורים בגולה,,13,5370,221743.54702699999,628890.66739399999,0,,221743.54702699999,628890.66739399999
54022891,222,3000,ירושלים,בית ספר - להוראה כרם,,13,5370,220667.95842700001,631704.36279399996,0,,220667.95842700001,631704.36279399996
65103545,222,539,רומאנה,מכללה - אסקו,,13,5370,229373.45392700000,743675.77769400005,2014,2015-07,229373.45392700000,743675.77769400005
65104629,222,4701,רמת מגשימים,מכללה,College,13,5370,275131.17142700002,750769.76709400001,2014,2015-07,275131.17142700002,750769.76709400001
61239330,222,1192,ערערה-בנגב,מכללת - נוה מדבר,,13,5370,202612.60872700001,563801.50389399996,0,,202612.60872700001,563801.50389399996
65104857,222,4000,חיפה,מכללה - תלתן לעיצוב,,13,5370,200075.37252700000,747385.40689400001,2014,2015-07,200075.37252700000,747385.40689400001
64841442,222,2610,בית שמש,מכללה - סמינר בית יעקב למורות,,13,5370,199332.15052699999,627419.97879400000,2013,2014-01,199332.15052699999,627419.97879400000
65103855,222,1294,אור הגנוז,מכללת אילמה,,13,5370,241650.39952700000,767933.51919400005,2014,2015-07,241650.39952700000,767933.51919400005
65103856,222,1294,אור הגנוז,מכללת - אילמה,,13,5370,241616.79972700001,767882.17559400003,2014,2015-07,241616.79972700001,767882.17559400003
54005863,222,7400,נתניה,מכללת - בית חנה למורות,,13,5370,187079.62032700001,694544.67139399995,0,,187079.62032700001,694544.67139399995
65104839,222,4701,רמת מגשימים,אדיר במרום,,13,5370,275022.10662699997,750831.61459400004,0,,275022.10662699997,750831.61459400004
65105376,222,498,טורעאן,מכללת אבו רחל - טורעאן,,13,5370,235061.43842699999,741985.69269399997,2014,2015-07,235061.43842699999,741985.69269399997
53985272,222,6700,טבריה,תזמורת נוער,Youth Orchestra,13,5370,248192.81562700000,742883.18039400002,0,,248192.81562700000,742883.18039400002
53969615,222,3000,ירושלים,מכללת - דויד ילין,,13,5370,218109.19492700000,632208.70259400003,0,,218109.19492700000,632208.70259400003
54018324,222,5000,תל אביב -יפו,קונסרבטוריון,Conservatory,13,5370,181465.52182699999,662391.31779400003,0,,181465.52182699999,662391.31779400003
53961838,222,5000,תל אביב -יפו,כותרת בית ספר לעיתונאות,,13,5370,183597.82032699999,670300.89539399999,0,,183597.82032699999,670300.89539399999
53962447,222,7900,פתח תקווה,מכללה - לטכנאים,,13,5370,190925.10132700001,665901.91899399995,0,,190925.10132700001,665901.91899399995
53988833,222,7600,עכו,מנהלה אקדמית,Academic Administration,13,5370,208449.12292699999,760269.70539400005,0,,208449.12292699999,760269.70539400005
54014247,222,5000,תל אביב -יפו,מכללה - עברית עלמה,,13,5370,178894.37982700000,663674.03639400005,0,,178894.37982700000,663674.03639400005
53966543,222,3000,ירושלים,מכללה - טכנולוגית,,13,5370,221312.40562700000,630074.19259400002,0,,221312.40562700000,630074.19259400002
53977806,222,9000,באר שבע,מכללת - עתיד,,13,5370,182294.34622700000,574099.96719400003,0,,182294.34622700000,574099.96719400003
53969445,222,509,כפר כנא,מכללת - אגייאל,,13,5370,231892.81562700000,740448.53089399997,0,,231892.81562700000,740448.53089399997
53964395,222,9000,באר שבע,מכללה - למנהל,,13,5370,179449.32752699999,572342.48009400000,0,,179449.32752699999,572342.48009400000
53994353,222,7900,פתח תקווה,"מכללת - פ""ת",,13,5370,188516.18822700001,666051.45849400002,0,,188516.18822700001,666051.45849400002
53980426,222,7600,עכו,מרכז שבדיה לסטודנט,Shvedya Students Center,13,5370,208406.88902700000,760219.21159399999,0,,208406.88902700000,760219.21159399999
54003945,222,3000,ירושלים,מכללה - לתחבורה,,13,5370,220209.57942699999,628875.92019400001,0,,220209.57942699999,628875.92019400001
54015580,222,3000,ירושלים,בית ספר - משרד העבודה,,13,5370,220455.01762699999,628171.78039400000,0,,220455.01762699999,628171.78039400000
53953130,222,2710,אום אל-פחם,מכללה,College,13,5370,214709.26052700001,714771.71979400003,0,,214709.26052700001,714771.71979400003
54449206,252,6600,חולון,מכללת - קמפוס חנקין,,13,5370,179260.01452699999,658155.39129399997,0,,179260.01452699999,658155.39129399997
60590767,252,8400,רחובות,מכללה - בית ספר טיכנולוגי,,13,5370,180737.16262700001,644638.93209400005,2014,2015-07,180737.16262700001,644638.93209400005
53955473,222,2730,טייבה,מככלת אלמנאר,,13,5370,200623.20902700000,685063.20409400004,0,,200623.20902700000,685063.20409400004
53955521,222,1200,מודיעין-מכבים-רעות,מכללת - ארזים,,13,5370,203329.95162700000,644040.57579399995,0,,203329.95162700000,644040.57579399995
54447056,252,5000,תל אביב -יפו,מכללת - תל אביב,,13,5370,180553.61472700001,662599.90909400000,0,,180553.61472700001,662599.90909400000
54448405,252,6300,גבעתיים,מכללה - טכנולוגית אורט טכניקום,,13,5370,182310.80982699999,664098.36039399996,2014,2015-07,182310.80982699999,664098.36039399996
54010216,222,6700,טבריה,מכללה - למקצועות הבנייה,,13,5370,247590.93812700000,743093.88139400003,0,,247590.93812700000,743093.88139400003
54447402,252,5000,תל אביב -יפו,בית ספר להנדסאים,,13,5370,181440.39432699999,668280.54309399996,2014,2015-07,181440.39432699999,668280.54309399996
54448419,252,5000,תל אביב -יפו,מכללה - לחינוך טכנולוגי,,13,5370,179827.09162699999,666626.69469399995,0,,179827.09162699999,666626.69469399995
